model,label,n_images,checkpoint,open_vocab,training_data,params_detector_M,params_text_encoder_M,input_res,precision,AP,AP50,AP75,APs,APm,APl,vram_peak_MB_ap_pass,score_thr,max_det,ap_pass_wall_s,gpu,ap_timestamp,batch,warmup_iters,ms_per_img_mean,ms_per_img_median,ms_per_img_std,fps,ms_per_img_conf0.25_first100,vram_peak_MB_timing,timing_timestamp,text_encode_cold_ms,text_encode_warm_ms,ms_per_img_text_every_image
yolov8s,YOLOv8-S (closed-set),500,weights/yolov8s.pt,False,Supervised on COCO train2017 (all 80 classes),11.17,,"640 (letterbox, rect)",fp16,45.809,63.617,49.010,29.165,49.672,62.038,91,0.001,100,8.6,NVIDIA A100 80GB PCIe,2026-10-04 15:55,1.0,10.0,7.76,6.27,8.1,159.5,6.09,117.0,2026-10-04 15:59,,,
yolov8m-worldv2,YOLO-World-M v2,500,weights/yolov8m-worldv2.pt,True,"O365v1 + GoldG (GQA + Flickr30k, COCO images excluded), per the official model zoo; converted by Ultralytics",28.38,63.43,"640 (letterbox, rect)",fp16,44.404,60.655,47.843,30.545,48.920,58.386,948,0.001,100,14.1,NVIDIA A100 80GB PCIe,2026-10-04 15:55,1.0,10.0,10.53,10.34,1.1,96.7,10.38,1010.0,2026-10-04 16:00,2019.5,12.72,
yolov8m,YOLOv8-M (closed-set),500,weights/yolov8m.pt,False,Supervised on COCO train2017 (all 80 classes),25.9,,"640 (letterbox, rect)",fp16,51.147,68.733,55.408,37.092,55.725,66.781,230,0.001,100,12.0,NVIDIA A100 80GB PCIe,2026-10-04 15:55,1.0,10.0,8.6,7.35,6.78,136.1,7.28,234.0,2026-10-04 15:59,,,
yolov8l,YOLOv8-L (closed-set),500,weights/yolov8l.pt,False,Supervised on COCO train2017 (all 80 classes),43.69,,"640 (letterbox, rect)",fp16,54.738,71.789,59.672,40.333,59.935,70.303,400,0.001,100,12.5,NVIDIA A100 80GB PCIe,2026-10-04 15:56,1.0,10.0,9.2,8.22,5.29,121.7,8.36,410.0,2026-10-04 15:59,,,
yolov8l-worldv2,YOLO-World-L v2,500,weights/yolov8l-worldv2.pt,True,"O365v1 + GoldG (GQA + Flickr30k, COCO images excluded), per the official model zoo; converted by Ultralytics",46.83,63.43,"640 (letterbox, rect)",fp16,46.681,62.672,50.720,33.198,51.202,59.121,1142,0.001,100,13.9,NVIDIA A100 80GB PCIe,2026-10-04 15:56,1.0,10.0,11.52,11.3,1.05,88.5,11.02,1194.0,2026-10-04 16:00,1989.5,12.72,
yolov8s-worldv2,YOLO-World-S v2,500,weights/yolov8s-worldv2.pt,True,"O365v1 + GoldG (GQA + Flickr30k, COCO images excluded), per the official model zoo; converted by Ultralytics",12.76,63.43,"640 (letterbox, rect)",fp16,39.036,54.255,42.426,25.488,43.917,52.569,844,0.001,100,11.0,NVIDIA A100 80GB PCIe,2026-10-04 15:56,1.0,10.0,9.42,9.28,0.76,107.8,9.1,892.0,2026-10-04 16:00,2242.1,12.82,
yoloe-v8s,YOLOE-v8-S,500,weights/yoloe-v8s-seg.pt,True,"O365v1 + GoldG (GQA + Flickr30k, COCO images excluded) with SAM 2.1 pseudo-masks (YOLOE paper)",15.42,63.43,"640 (letterbox, rect)",fp16,35.240,50.956,37.803,21.369,39.987,48.994,1307,0.001,100,17.4,NVIDIA A100 80GB PCIe,2026-10-04 15:56,1.0,10.0,8.41,7.97,2.4,125.5,8.1,1040.0,2026-10-04 16:00,687.7,36.78,
yoloe-11s,YOLOE-11-S,500,weights/yoloe-11s-seg.pt,True,"O365v1 + GoldG (GQA + Flickr30k, COCO images excluded) with SAM 2.1 pseudo-masks (YOLOE paper)",13.71,63.43,"640 (letterbox, rect)",fp16,35.651,51.026,38.447,21.727,40.373,49.547,1327,0.001,100,15.6,NVIDIA A100 80GB PCIe,2026-10-04 15:57,1.0,10.0,10.4,9.74,3.65,102.7,9.61,1055.0,2026-10-04 16:00,416.8,36.83,
yoloe-26s,YOLOE-26-S,500,weights/yoloe-26s-seg.pt,True,"O365v1 + GoldG (GQA + Flickr30k, COCO images excluded) with SAM 2.1 pseudo-masks (YOLOE paper)",15.27,,"640 (letterbox, rect)",fp16,38.867,54.771,41.710,26.549,43.800,55.999,466,0.001,100,16.2,NVIDIA A100 80GB PCIe,2026-10-04 15:57,1.0,10.0,11.11,10.91,1.26,91.7,10.93,461.0,2026-10-04 16:01,472.8,41.0,
gdino-t,Grounding DINO-T,500,IDEA-Research/grounding-dino-tiny,True,O365 + GoldG + Cap4M (groundingdino_swint_ogc; official repo model zoo),63.36,108.89,"shortest edge 800, longest <= 1333",fp16,51.033,66.747,55.563,39.308,54.616,64.696,1157,0.001,100,119.6,NVIDIA A100 80GB PCIe,2026-10-04 15:57,1.0,10.0,104.07,103.58,3.9,9.7,103.04,1180.0,2026-10-04 16:02,3.1,10.64,
owlv2-b16,OWLv2-B/16,500,google/owlv2-base-patch16-ensemble,True,CLIP pre-train; self-train on WebLI pseudo-boxes; fine-tune on LVIS-base (COCO train2017 images); weight ensemble,91.57,63.4,"960x960 (pad to square, resize)",fp16,48.985,69.094,53.287,37.204,52.838,66.594,405,0.001,100,45.4,NVIDIA A100 80GB PCIe,2026-10-04 15:58,1,10,16.56,16.36,0.51,61.1,16.5,428,2026-10-04 16:02,15.8,12.36,29.86
