model,label,n_images,gpu,precision,timestamp,part,condition,vocab_size,AP,AP50,AP75,APs,APm,APl,text_encode_ms,ms_per_img_mean,ms_per_img_median,fps,ms_per_img_conf0.25_first100,gpu_sm_mhz_under_load
yolov8s-worldv2,YOLO-World-S v2,500,NVIDIA A100 80GB PCIe,fp16,2026-10-04 15:55,A,name,80,39.04,54.25,42.43,25.49,43.92,52.57,,,,,,
yolov8s-worldv2,YOLO-World-S v2,500,NVIDIA A100 80GB PCIe,fp16,2026-10-04 15:55,A,synonym,80,25.65,36.43,27.75,15.32,31.13,37.24,,,,,,
yolov8s-worldv2,YOLO-World-S v2,500,NVIDIA A100 80GB PCIe,fp16,2026-10-04 15:55,A,description,80,32.2,45.32,35.0,17.82,38.07,46.86,,,,,,
yolov8s-worldv2,YOLO-World-S v2,500,NVIDIA A100 80GB PCIe,fp16,2026-10-04 15:55,A,template,80,33.09,46.13,36.34,18.69,38.58,50.57,,,,,,
yolov8s-worldv2,YOLO-World-S v2,500,NVIDIA A100 80GB PCIe,fp16,2026-10-04 15:55,C,80,80,39.04,54.25,42.43,25.49,43.92,52.57,,,,,,
yolov8s-worldv2,YOLO-World-S v2,500,NVIDIA A100 80GB PCIe,fp16,2026-10-04 15:55,C,80+blank,81,34.2,48.19,37.43,20.26,41.15,52.09,,,,,,
yolov8s-worldv2,YOLO-World-S v2,500,NVIDIA A100 80GB PCIe,fp16,2026-10-04 15:55,C,365,365,33.62,47.27,36.8,18.52,39.43,50.67,,,,,,
yolov8s-worldv2,YOLO-World-S v2,500,NVIDIA A100 80GB PCIe,fp16,2026-10-04 15:55,C,1203,1203,29.16,41.15,31.36,14.78,32.69,44.96,,,,,,
yolov8l-worldv2,YOLO-World-L v2,500,NVIDIA A100 80GB PCIe,fp16,2026-10-04 15:57,A,name,80,46.68,62.67,50.72,33.2,51.2,59.12,,,,,,
yolov8l-worldv2,YOLO-World-L v2,500,NVIDIA A100 80GB PCIe,fp16,2026-10-04 15:57,A,synonym,80,32.42,42.87,34.92,21.14,37.41,45.17,,,,,,
yolov8l-worldv2,YOLO-World-L v2,500,NVIDIA A100 80GB PCIe,fp16,2026-10-04 15:57,A,description,80,42.86,57.53,46.56,29.79,49.38,56.09,,,,,,
yolov8l-worldv2,YOLO-World-L v2,500,NVIDIA A100 80GB PCIe,fp16,2026-10-04 15:57,A,template,80,43.59,58.54,47.6,28.8,49.24,56.99,,,,,,
yolov8l-worldv2,YOLO-World-L v2,500,NVIDIA A100 80GB PCIe,fp16,2026-10-04 15:57,C,80,80,46.68,62.67,50.72,33.2,51.2,59.12,,,,,,
yolov8l-worldv2,YOLO-World-L v2,500,NVIDIA A100 80GB PCIe,fp16,2026-10-04 15:57,C,80+blank,81,41.04,56.28,44.21,28.49,47.17,57.07,,,,,,
yolov8l-worldv2,YOLO-World-L v2,500,NVIDIA A100 80GB PCIe,fp16,2026-10-04 15:57,C,365,365,46.31,61.76,50.31,32.63,49.71,58.15,,,,,,
yolov8l-worldv2,YOLO-World-L v2,500,NVIDIA A100 80GB PCIe,fp16,2026-10-04 15:57,C,1203,1203,38.81,53.46,42.25,26.51,41.46,49.64,,,,,,
yolov8s-worldv2,YOLO-World-S v2,500,NVIDIA A100 80GB PCIe,fp16,2026-10-04 16:02,B,1,1,,,,,,,20.0,10.71,9.2,93.4,8.8,1410 MHz
yolov8s-worldv2,YOLO-World-S v2,500,NVIDIA A100 80GB PCIe,fp16,2026-10-04 16:02,B,10,10,,,,,,,12.2,9.2,9.18,108.7,9.02,1410 MHz
yolov8s-worldv2,YOLO-World-S v2,500,NVIDIA A100 80GB PCIe,fp16,2026-10-04 16:02,B,80,80,,,,,,,14.1,9.07,9.03,110.2,8.97,1410 MHz
yolov8s-worldv2,YOLO-World-S v2,500,NVIDIA A100 80GB PCIe,fp16,2026-10-04 16:02,B,365,365,,,,,,,71.5,9.22,9.19,108.5,9.02,1410 MHz
yolov8s-worldv2,YOLO-World-S v2,500,NVIDIA A100 80GB PCIe,fp16,2026-10-04 16:02,B,1203,1203,,,,,,,213.0,9.24,9.18,108.3,8.91,1410 MHz
yolov8l-worldv2,YOLO-World-L v2,500,NVIDIA A100 80GB PCIe,fp16,2026-10-04 16:03,B,1,1,,,,,,,10.7,12.04,11.1,83.0,10.74,1410 MHz
yolov8l-worldv2,YOLO-World-L v2,500,NVIDIA A100 80GB PCIe,fp16,2026-10-04 16:03,B,10,10,,,,,,,11.1,11.06,11.03,90.4,10.85,1410 MHz
yolov8l-worldv2,YOLO-World-L v2,500,NVIDIA A100 80GB PCIe,fp16,2026-10-04 16:03,B,80,80,,,,,,,13.8,11.1,11.05,90.1,11.07,1410 MHz
yolov8l-worldv2,YOLO-World-L v2,500,NVIDIA A100 80GB PCIe,fp16,2026-10-04 16:03,B,365,365,,,,,,,63.1,11.03,11.0,90.7,11.07,1410 MHz
yolov8l-worldv2,YOLO-World-L v2,500,NVIDIA A100 80GB PCIe,fp16,2026-10-04 16:03,B,1203,1203,,,,,,,198.9,11.29,11.26,88.6,11.01,1410 MHz
